seq,name,uscc,pdf_page,tier,track,form,reg_authority,origin,vintage,seed_kw,ocean_kw,support_kw,exclude_kw,holding_kw,anchor_kw,state_kw,risk_flags,score,inst_role
1605,三亚崖州湾创新发展中心有限公司,91469001MA5TP75T7U,36,D 名称无行业信号,待判定,独立法人,海南其他市县登记,省内迁入/外设,MA5,,,,,,崖州湾,,,28,园区/产业平台
1599,三亚崖州湾科技城开发建设有限公司,91460200MA5T9DX15F,36,D 名称无行业信号,待判定,独立法人,三亚市/区登记,本地(三亚),MA5,,,,,,崖州湾|科技城,,,34,园区/产业平台
1598,三亚崖州湾科技城控股集团有限公司,91460200MA5T89HQ12,36,E 非目标/对照组池,非目标,独立法人,三亚市/区登记,本地(三亚),MA5,,,,,控股,崖州湾|科技城,,纯投资/控股载体,22,园区/产业平台
1597,三亚崖州湾科技城投资控股有限公司,91460200MA5TFHHN7J,36,E 非目标/对照组池,非目标,独立法人,三亚市/区登记,本地(三亚),MA5,,,,,投资|控股,崖州湾|科技城,城投,纯投资/控股载体,30,园区/产业平台; 国有资本平台
1602,三亚崖州湾创业投资有限公司,91460200MA5TG8QA9T,36,E 非目标/对照组池,非目标,独立法人,三亚市/区登记,本地(三亚),MA5,,,,,投资|创业投资,崖州湾,,纯投资/控股载体,22,园区/产业平台; 基金/投资管理人
1601,三亚崖州湾国际农业科技孵化器有限公司,91460105MAA96XK54A,36,A 核心赛道-优先访谈,南繁种业,独立法人,海口登记,省内迁入/外设,MAA,农业科技,,,,,崖州湾,,,78,园区/产业平台; 科研/孵化载体
5292,三亚城投众辉新型建材有限公司,91460200MA5TGG4RXG,118,D 名称无行业信号,待判定,独立法人,三亚市/区登记,本地(三亚),MA5,,,,,,,城投,,24,国有资本平台
4296,三亚科城投资有限公司,91460000MA5U09QG45,96,E 非目标/对照组池,非目标,独立法人,海南省级登记,本地(省级),MA5,,,,,投资,,城投,纯投资/控股载体,12,国有资本平台
283,中城投（海南）科技有限公司,91460000MABLHPPF9R,7,D 名称无行业信号,泛科技无行业信号,独立法人,海南省级登记,本地(省级),MA其他,,,,,,,城投,,24,国有资本平台
5926,凯撒世嘉数字科技发展控股（海南）有限公司,91460200MA5TKEPE39,132,E 非目标/对照组池,非目标,独立法人,三亚市/区登记,本地(三亚),MA5,,,,,控股,,发展控股,纯投资/控股载体,12,国有资本平台
13606,国投种业科技有限公司,91460000MAD0EDTW9H,303,A 核心赛道-优先访谈,南繁种业,独立法人,海南省级登记,本地(省级),MAD,国投种业|种业,,,,,国投种业,国投,,92,国有资本平台
13607,国投（北京）科技创新有限公司海南分公司,91460000MAEB94E52T,303,D 名称无行业信号,待判定,分支机构,海南省级登记,本地(省级),MAE,,,,,,,国投,分支机构(非独立法人),2,国有资本平台
361,招商局物业管理有限公司三亚分公司,91460200MA5TGYNC7A,9,E 非目标/对照组池,非目标,分支机构,三亚市/区登记,本地(三亚),MA5,,,,物业,,招商局,招商局,分支机构(非独立法人),20,国有资本平台
336,正合艺（海南）文化发展控股有限公司,91460000MABMN1NT9R,8,E 非目标/对照组池,非目标,独立法人,海南省级登记,本地(省级),MA其他,,,,文化,控股,,发展控股,纯投资/控股载体,12,国有资本平台
9988,海南农垦南繁产业集团有限公司,91460200MA5RD9N610,222,A 核心赛道-优先访谈,南繁种业,独立法人,三亚市/区登记,本地(三亚),MA5,南繁,,,,,南繁,农垦,,92,国有资本平台
9986,海南农垦南繁投资有限公司,91469033MA5TFJJW9T,222,A 核心赛道-优先访谈,南繁种业,独立法人,海南其他市县登记,省内迁入/外设,MA5,南繁,,,,投资,南繁,农垦,,86,国有资本平台
9985,海南农垦南繁文化开发有限公司,91469002MA5TK8U63E,222,E 非目标/对照组池,赛道词但经营词冲突,独立法人,海南其他市县登记,省内迁入/外设,MA5,南繁,,,文化,,南繁,农垦,科技名称与经营词冲突,24,国有资本平台
9987,海南农垦南繁生产服务有限公司,91460200MA5T3K7G9B,222,E 非目标/对照组池,赛道词但经营词冲突,独立法人,三亚市/区登记,本地(三亚),MA5,南繁,,,服务有限公司,,南繁,农垦,科技名称与经营词冲突,30,国有资本平台
9984,海南农垦南繁种业有限公司,91460200MA5T3H929R,222,A 核心赛道-优先访谈,南繁种业,独立法人,三亚市/区登记,本地(三亚),MA5,种业|南繁,,,,,南繁,农垦,,92,国有资本平台
14414,海南源纳仟城投资有限公司,91460000MAK2029D4G,321,E 非目标/对照组池,非目标,独立法人,海南省级登记,本地(省级),MAK,,,,,投资,,城投,纯投资/控股载体,12,国有资本平台
8936,海南省农垦科学院集团有限公司,91460000MA5T7LP231,199,D 名称无行业信号,待判定,独立法人,海南省级登记,本地(省级),MA5,,,,,,,农垦,,24,国有资本平台
10431,海南领城投资发展有限公司,91460000MA5U2UUB7U,232,E 非目标/对照组池,非目标,独立法人,海南省级登记,本地(省级),MA5,,,,,投资,,城投,纯投资/控股载体,12,国有资本平台
870,顺控（海南）发展控股中心（有限合伙）,91460000MAC7JQH591,20,E 非目标/对照组池,非目标,合伙企业,海南省级登记,本地(省级),MAC,,,,,控股,,发展控股,合伙企业(常为持股/通道载体); 纯投资/控股载体,-10,国有资本平台
1060,三亚中数全语通股权投资基金合伙企业（有限合伙）,91460200MA5TUA5D1W,24,E 非目标/对照组池,非目标,合伙企业,三亚市/区登记,本地(三亚),MA5,,,,,投资|基金|股权|股权投资,,,合伙企业(常为持股/通道载体); 纯投资/控股载体,-18,基金/投资管理人
4043,三亚名韩创业投资合伙企业（有限合伙）,91469026MABM509G2A,90,E 非目标/对照组池,非目标,合伙企业,海南其他市县登记,省内迁入/外设,MA其他,,,,,投资|创业投资,,,合伙企业(常为持股/通道载体); 纯投资/控股载体,-24,基金/投资管理人
14648,三亚启原产业投资合伙企业（有限合伙）,91469034MAC413T510,326,E 非目标/对照组池,非目标,合伙企业,海南其他市县登记,省内迁入/外设,MAC,,,,,投资|产业投资,,,合伙企业(常为持股/通道载体); 纯投资/控股载体,-24,基金/投资管理人
4966,三亚广科融汇创业投资基金合伙企业（有限合伙）,91460000MADHTMX551,111,E 非目标/对照组池,非目标,合伙企业,海南省级登记,本地(省级),MAD,,,,,投资|基金|创业投资,,,合伙企业(常为持股/通道载体); 纯投资/控股载体,-18,基金/投资管理人
5307,三亚晨硕创业投资合伙企业（有限合伙）,91469033MABNUDL27Q,118,E 非目标/对照组池,非目标,合伙企业,海南其他市县登记,省内迁入/外设,MA其他,,,,,投资|创业投资,,,合伙企业(常为持股/通道载体); 纯投资/控股载体,-24,基金/投资管理人
4414,三亚景卓文化产业投资有限公司,91460200MA5T3AW93P,99,E 非目标/对照组池,非目标,独立法人,三亚市/区登记,本地(三亚),MA5,,,,文化,投资|产业投资,,,纯投资/控股载体,4,基金/投资管理人
4855,三亚汉铭私募股权投资基金管理有限公司,91460000MAA9401D8A,108,E 非目标/对照组池,非目标,独立法人,海南省级登记,本地(省级),MAA,,,,,投资|基金|股权|股权投资,,,纯投资/控股载体,4,基金/投资管理人
5425,三亚百圣露产业投资合伙企业（有限合伙）,91469025MADM1G851Q,121,E 非目标/对照组池,非目标,合伙企业,海南其他市县登记,省内迁入/外设,MAD,,,,,投资|产业投资,,,合伙企业(常为持股/通道载体); 纯投资/控股载体,-24,基金/投资管理人
5114,三亚端木元丰股权投资基金合伙企业（有限合伙）,91460000MAC73W8938,114,E 非目标/对照组池,非目标,合伙企业,海南省级登记,本地(省级),MAC,,,,,投资|基金|股权|股权投资,,,合伙企业(常为持股/通道载体); 纯投资/控股载体,-18,基金/投资管理人
1926,三亚维微创业投资合伙企业（有限合伙）,91469033MADLQ55N58,43,E 非目标/对照组池,非目标,合伙企业,海南其他市县登记,省内迁入/外设,MAD,,,,,投资|创业投资,,,合伙企业(常为持股/通道载体); 纯投资/控股载体,-24,基金/投资管理人
3774,三亚荣盛业私募证券基金管理有限公司,91440300359779516U,84,E 非目标/对照组池,金融机构,独立法人,省外登记(440300),省外迁入/外设,旧版(2015前),,,,,基金,,,纯投资/控股载体; 首次登记在省外(迁入或外地主体设点),-14,基金/投资管理人
5005,三亚高榕五期二号股权投资基金合伙企业（有限合伙）,91460200MAA9022E6L,112,E 非目标/对照组池,非目标,合伙企业,三亚市/区登记,本地(三亚),MAA,,,,,投资|基金|股权|股权投资,,,合伙企业(常为持股/通道载体); 纯投资/控股载体,-18,基金/投资管理人
135,中农春天（海南）产业投资有限公司,91460000MAK2CHH80M,4,E 非目标/对照组池,非目标,独立法人,海南省级登记,本地(省级),MAK,,,,,投资|产业投资,,中农,纯投资/控股载体,12,基金/投资管理人
52,中宇鸿新（海南）股权投资合伙企业（有限合伙）,91469034MA5TK7E776,2,E 非目标/对照组池,非目标,合伙企业,海南其他市县登记,省内迁入/外设,MA5,,,,,投资|股权|股权投资,,,合伙企业(常为持股/通道载体); 纯投资/控股载体,-24,基金/投资管理人
5860,乐风（海南）私募基金管理有限公司,91460000MADBXMR53U,131,E 非目标/对照组池,非目标,独立法人,海南省级登记,本地(省级),MAD,,,,,基金,,,纯投资/控股载体,4,基金/投资管理人
5823,亮堂（海南）文旅产业投资有限公司,91460000MAEBEBY99Q,130,E 非目标/对照组池,非目标,独立法人,海南省级登记,本地(省级),MAE,,,,文旅,投资|产业投资,,,纯投资/控股载体,4,基金/投资管理人
13980,保通通投（海南）先进制造产业投资中心（有限合伙）,91430300MA4R49BC3T,311,E 非目标/对照组池,非目标,合伙企业,省外登记(430300),省外迁入/外设,MA其他,,,,,投资|产业投资,,,合伙企业(常为持股/通道载体); 纯投资/控股载体; 首次登记在省外(迁入或外地主体设点),-36,基金/投资管理人
6174,华芯金瑞（海南）私募股权基金管理有限公司,91460000MACM7Y6B80,138,E 非目标/对照组池,非目标,独立法人,海南省级登记,本地(省级),MAC,,,,,基金|股权,,,纯投资/控股载体,4,基金/投资管理人
13601,国信田园私募股权投资基金（海南）合伙企业（有限合伙）,91460000MAA92MUC3M,303,E 非目标/对照组池,非目标,合伙企业,海南省级登记,本地(省级),MAA,,,,,投资|基金|股权|股权投资,,,合伙企业(常为持股/通道载体); 纯投资/控股载体,-18,基金/投资管理人
13617,国科盛汇股权投资基金（海南）合伙企业（有限合伙）,91460000MACUQ7LE56,303,E 非目标/对照组池,非目标,合伙企业,海南省级登记,本地(省级),MAC,,,,,投资|基金|股权|股权投资,,,合伙企业(常为持股/通道载体); 纯投资/控股载体,-18,基金/投资管理人
13616,国科盛源（海南）私募基金管理有限公司,91460000MA5TLPJ9XN,303,E 非目标/对照组池,非目标,独立法人,海南省级登记,本地(省级),MA5,,,,,基金,,,纯投资/控股载体,4,基金/投资管理人
14586,数智田产业投资（海南）合伙企业（有限合伙）,91460000MAK4N42X6D,325,E 非目标/对照组池,非目标,合伙企业,海南省级登记,本地(省级),MAK,,,,,投资|产业投资,,,合伙企业(常为持股/通道载体); 纯投资/控股载体,-18,基金/投资管理人
6513,海南中星未来私募投资基金合伙企业（有限合伙）,91460000MAA97D453Q,145,E 非目标/对照组池,非目标,合伙企业,海南省级登记,本地(省级),MAA,,,,,投资|基金,,,合伙企业(常为持股/通道载体); 纯投资/控股载体,-18,基金/投资管理人
6514,海南中星融泰私募基金管理有限公司,91460000MAA91HT69P,145,E 非目标/对照组池,非目标,独立法人,海南省级登记,本地(省级),MAA,,,,,基金,,,纯投资/控股载体,4,基金/投资管理人
7689,海南信知天地私募股权投资基金合伙企业（有限合伙）,913202000763122383,171,E 非目标/对照组池,非目标,合伙企业,省外登记(320200),省外迁入/外设,旧版(2015前),,,,,投资|基金|股权|股权投资,,,合伙企业(常为持股/通道载体); 纯投资/控股载体; 首次登记在省外(迁入或外地主体设点),-36,基金/投资管理人
10408,海南六月双子产业投资有限公司,91460000MAE8KC1F0L,232,E 非目标/对照组池,非目标,独立法人,海南省级登记,本地(省级),MAE,,,,,投资|产业投资,,,纯投资/控股载体,4,基金/投资管理人
10805,海南凯旋创业投资合伙企业（有限合伙）,91469033MA5U2B5P0B,241,E 非目标/对照组池,非目标,合伙企业,海南其他市县登记,省内迁入/外设,MA5,,,,,投资|创业投资,,,合伙企业(常为持股/通道载体); 纯投资/控股载体,-24,基金/投资管理人
10802,海南凯旋数字科技股权投资基金合伙企业（有限合伙）,91460000MAA994EG3B,241,E 非目标/对照组池,非目标,合伙企业,海南省级登记,本地(省级),MAA,,,,,投资|基金|股权|股权投资,,,合伙企业(常为持股/通道载体); 纯投资/控股载体,-18,基金/投资管理人
10050,海南南繁育种产业投资基金合伙企业（有限合伙）,91460000MAC6AUR88K,224,B 核心赛道-需核实,南繁种业,合伙企业,海南省级登记,本地(省级),MAC,育种|南繁,,,,投资|基金|产业投资,南繁,,合伙企业(常为持股/通道载体),62,基金/投资管理人
9825,海南启鸿育远科技创业投资基金合伙企业（有限合伙）,91460000MADA83FY5U,219,E 非目标/对照组池,非目标,合伙企业,海南省级登记,本地(省级),MAD,,,,,投资|基金|创业投资,,,合伙企业(常为持股/通道载体); 纯投资/控股载体,-18,基金/投资管理人
11994,海南和同基金管理有限公司,91360602309276937Q,267,E 非目标/对照组池,非目标,独立法人,省外登记(360602),省外迁入/外设,旧版(2015前),,,,,基金,,,纯投资/控股载体; 首次登记在省外(迁入或外地主体设点),-14,基金/投资管理人
12301,海南国信安邦私募股权投资基金合伙企业（有限合伙）,913202000763121152,274,E 非目标/对照组池,非目标,合伙企业,省外登记(320200),省外迁入/外设,旧版(2015前),,,,,投资|基金|股权|股权投资,,,合伙企业(常为持股/通道载体); 纯投资/控股载体; 首次登记在省外(迁入或外地主体设点),-36,基金/投资管理人
6823,海南增氧工信创业投资基金合伙企业（有限合伙）,91460000MAA9209X13,152,E 非目标/对照组池,非目标,合伙企业,海南省级登记,本地(省级),MAA,,,,,投资|基金|创业投资,,,合伙企业(常为持股/通道载体); 纯投资/控股载体,-18,基金/投资管理人
13126,海南宸昊股权投资基金合伙企业（有限合伙）,91460200MA5U0C1W4Y,292,E 非目标/对照组池,非目标,合伙企业,三亚市/区登记,本地(三亚),MA5,,,,,投资|基金|股权|股权投资,,,合伙企业(常为持股/通道载体); 纯投资/控股载体,-18,基金/投资管理人
13118,海南尘仔创业投资合伙企业（有限合伙）,91310230MA1HFLH52A,292,E 非目标/对照组池,非目标,合伙企业,省外登记(310230),省外迁入/外设,MA其他,,,,,投资|创业投资,,,合伙企业(常为持股/通道载体); 纯投资/控股载体; 首次登记在省外(迁入或外地主体设点),-36,基金/投资管理人
12746,海南德中科金私募股权投资基金管理有限公司,91460000MAC8DK4239,284,E 非目标/对照组池,非目标,独立法人,海南省级登记,本地(省级),MAC,,,,,投资|基金|股权|股权投资,,中科,纯投资/控股载体,12,基金/投资管理人
11914,海南恒盈私募基金管理有限公司,91460200MAC6YDAD5A,265,E 非目标/对照组池,非目标,独立法人,三亚市/区登记,本地(三亚),MAC,,,,,基金,,,纯投资/控股载体,4,基金/投资管理人
11558,海南惠达致诚私募股权投资基金合伙企业（有限合伙）,91320200076312246X,257,E 非目标/对照组池,非目标,合伙企业,省外登记(320200),省外迁入/外设,旧版(2015前),,,,,投资|基金|股权|股权投资,,,合伙企业(常为持股/通道载体); 纯投资/控股载体; 首次登记在省外(迁入或外地主体设点),-36,基金/投资管理人
6796,海南招商通服股权投资基金合伙企业（有限合伙）,91460000MAE2KG269A,152,E 非目标/对照组池,非目标,合伙企业,海南省级登记,本地(省级),MAE,,,,,投资|基金|股权|股权投资,,,合伙企业(常为持股/通道载体); 纯投资/控股载体,-18,基金/投资管理人
8398,海南探元私募股权投资基金管理有限公司,91460000MA7JG4UA89,187,E 非目标/对照组池,非目标,独立法人,海南省级登记,本地(省级),MA7,,,,,投资|基金|股权|股权投资,,,纯投资/控股载体,4,基金/投资管理人
14061,海南文合未来文化产业投资合伙企业（有限合伙）,91460000MAK3QPBH57,313,E 非目标/对照组池,非目标,合伙企业,海南省级登记,本地(省级),MAK,,,,文化,投资|产业投资,,,合伙企业(常为持股/通道载体); 纯投资/控股载体,-18,基金/投资管理人
9887,海南普仁惠民私募股权投资基金合伙企业（有限合伙）,913202000763121745,220,E 非目标/对照组池,非目标,合伙企业,省外登记(320200),省外迁入/外设,旧版(2015前),,,,,投资|基金|股权|股权投资,,,合伙企业(常为持股/通道载体); 纯投资/控股载体; 首次登记在省外(迁入或外地主体设点),-36,基金/投资管理人
7470,海南曜泰华安私募股权投资基金合伙企业（有限合伙）,913200000763128792,167,E 非目标/对照组池,非目标,合伙企业,省外登记(320000),省外迁入/外设,旧版(2015前),,,,,投资|基金|股权|股权投资,,,合伙企业(常为持股/通道载体); 纯投资/控股载体; 首次登记在省外(迁入或外地主体设点),-36,基金/投资管理人
8137,海南未来宇航创业投资基金合伙企业（有限合伙）,91460000MA5TU07D78,181,E 非目标/对照组池,非目标,合伙企业,海南省级登记,本地(省级),MA5,,,,,投资|基金|创业投资,,,合伙企业(常为持股/通道载体); 纯投资/控股载体,-18,基金/投资管理人
8139,海南未来微星创业投资基金合伙企业（有限合伙）,91460000MAA97LCY3J,181,E 非目标/对照组池,非目标,合伙企业,海南省级登记,本地(省级),MAA,,,,,投资|基金|创业投资,,,合伙企业(常为持股/通道载体); 纯投资/控股载体,-18,基金/投资管理人
8141,海南未来汇富创业投资基金合伙企业（有限合伙）,91460000MAA97D3T3Q,181,E 非目标/对照组池,非目标,合伙企业,海南省级登记,本地(省级),MAA,,,,,投资|基金|创业投资,,,合伙企业(常为持股/通道载体); 纯投资/控股载体,-18,基金/投资管理人
9601,海南榕鸿创业投资基金合伙企业（有限合伙）,91460000MADBHW5TX6,214,E 非目标/对照组池,非目标,合伙企业,海南省级登记,本地(省级),MAD,,,,,投资|基金|创业投资,,,合伙企业(常为持股/通道载体); 纯投资/控股载体,-18,基金/投资管理人
7201,海南永颐私募股权投资基金合伙企业（有限合伙）,91460200MA5TXLKX77,161,E 非目标/对照组池,非目标,合伙企业,三亚市/区登记,本地(三亚),MA5,,,,,投资|基金|股权|股权投资,,,合伙企业(常为持股/通道载体); 纯投资/控股载体,-18,基金/投资管理人
8097,海南沃土股权投资基金合伙企业（有限合伙）,91460000MAA969J95X,180,E 非目标/对照组池,非目标,合伙企业,海南省级登记,本地(省级),MAA,,,,,投资|基金|股权|股权投资,,,合伙企业(常为持股/通道载体); 纯投资/控股载体,-18,基金/投资管理人
12423,海南淦生源创业投资中心（有限合伙）,91460000MACGJ3UH59,277,E 非目标/对照组池,非目标,合伙企业,海南省级登记,本地(省级),MAC,,,,,投资|创业投资,,,合伙企业(常为持股/通道载体); 纯投资/控股载体,-18,基金/投资管理人
10279,海南满得私募股权投资基金管理合伙企业（有限合伙）,91460000MAC1UPT81D,229,E 非目标/对照组池,非目标,合伙企业,海南省级登记,本地(省级),MAC,,,,,投资|基金|股权|股权投资,,,合伙企业(常为持股/通道载体); 纯投资/控股载体,-18,基金/投资管理人
9529,海南瑞泰华诚私募股权投资基金合伙企业（有限合伙）,91320200076312123W,212,E 非目标/对照组池,非目标,合伙企业,省外登记(320200),省外迁入/外设,旧版(2015前),,,,,投资|基金|股权|股权投资,,,合伙企业(常为持股/通道载体); 纯投资/控股载体; 首次登记在省外(迁入或外地主体设点),-36,基金/投资管理人
11311,海南疆源创业投资有限公司,91460000MAE9FXTU2K,252,E 非目标/对照组池,非目标,独立法人,海南省级登记,本地(省级),MAE,,,,,投资|创业投资,,,纯投资/控股载体,4,基金/投资管理人
7978,海南祥晟惠通私募股权投资基金合伙企业（有限合伙）,91320200076312094H,178,E 非目标/对照组池,非目标,合伙企业,省外登记(320200),省外迁入/外设,旧版(2015前),,,,,投资|基金|股权|股权投资,,,合伙企业(常为持股/通道载体); 纯投资/控股载体; 首次登记在省外(迁入或外地主体设点),-36,基金/投资管理人
10521,海南立鑫产业投资有限公司,91460100MADJQ40005,234,E 非目标/对照组池,非目标,独立法人,海口登记,省内迁入/外设,MAD,,,,,投资|产业投资,,,纯投资/控股载体,-2,基金/投资管理人
10502,海南联新创业投资中心（有限合伙）,91469026MAD797D91G,234,E 非目标/对照组池,非目标,合伙企业,海南其他市县登记,省内迁入/外设,MAD,,,,,投资|创业投资,,,合伙企业(常为持股/通道载体); 纯投资/控股载体,-24,基金/投资管理人
12854,海南聪成股权投资基金合伙企业（有限合伙）,91460000MAC1C9WF66,286,E 非目标/对照组池,非目标,合伙企业,海南省级登记,本地(省级),MAC,,,,,投资|基金|股权|股权投资,,,合伙企业(常为持股/通道载体); 纯投资/控股载体,-18,基金/投资管理人
8373,海南腾跃普惠私募股权投资基金合伙企业（有限合伙）,913202000763121077,187,E 非目标/对照组池,非目标,合伙企业,省外登记(320200),省外迁入/外设,旧版(2015前),,,,,投资|基金|股权|股权投资,,,合伙企业(常为持股/通道载体); 纯投资/控股载体; 首次登记在省外(迁入或外地主体设点),-36,基金/投资管理人
11969,海南荷马私募基金管理有限公司,91460200MA5U02LK6F,267,E 非目标/对照组池,非目标,独立法人,三亚市/区登记,本地(三亚),MA5,,,,,基金,,,纯投资/控股载体,4,基金/投资管理人
8131,海南蔚海芯程创业投资合伙企业（有限合伙）,91469030MA5U07JH2D,181,E 非目标/对照组池,非目标,合伙企业,海南其他市县登记,省内迁入/外设,MA5,,,,,投资|创业投资,,,合伙企业(常为持股/通道载体); 纯投资/控股载体,-24,基金/投资管理人
9563,海南融智人才创新创业投资基金合伙企业（有限合伙）,91460000MA5TMQYXXE,213,E 非目标/对照组池,非目标,合伙企业,海南省级登记,本地(省级),MA5,,,,,投资|基金|创业投资,,,合伙企业(常为持股/通道载体); 纯投资/控股载体,-18,基金/投资管理人
9576,海南融汇贯通私募股权投资基金合伙企业（有限合伙）,91320200076312916J,213,E 非目标/对照组池,非目标,合伙企业,省外登记(320200),省外迁入/外设,旧版(2015前),,,,,投资|基金|股权|股权投资,,,合伙企业(常为持股/通道载体); 纯投资/控股载体; 首次登记在省外(迁入或外地主体设点),-36,基金/投资管理人
9575,海南融汇通富私募股权投资基金合伙企业（有限合伙）,913202000763120439,213,E 非目标/对照组池,非目标,合伙企业,省外登记(320200),省外迁入/外设,旧版(2015前),,,,,投资|基金|股权|股权投资,,,合伙企业(常为持股/通道载体); 纯投资/控股载体; 首次登记在省外(迁入或外地主体设点),-36,基金/投资管理人
10193,海南觅得私募基金管理中心（有限合伙）,91460100MA7HN7Q991,227,E 非目标/对照组池,非目标,合伙企业,海口登记,省内迁入/外设,MA7,,,,,基金,,,合伙企业(常为持股/通道载体); 纯投资/控股载体,-24,基金/投资管理人
9877,海南谱成惠业私募股权投资基金合伙企业（有限合伙）,9132020007631257X9,220,E 非目标/对照组池,非目标,合伙企业,省外登记(320200),省外迁入/外设,旧版(2015前),,,,,投资|基金|股权|股权投资,,,合伙企业(常为持股/通道载体); 纯投资/控股载体; 首次登记在省外(迁入或外地主体设点),-36,基金/投资管理人
14987,海南辰海智造创业投资基金合伙企业（有限合伙）,91460000MAK5UW9U1A,334,E 非目标/对照组池,非目标,合伙企业,海南省级登记,本地(省级),MAK,,,,,投资|基金|创业投资,,,合伙企业(常为持股/通道载体); 纯投资/控股载体,-18,基金/投资管理人
13166,海南长富股权投资基金合伙企业（有限合伙）,91460000MACFBEHY7T,293,E 非目标/对照组池,非目标,合伙企业,海南省级登记,本地(省级),MAC,,,,,投资|基金|股权|股权投资,,,合伙企业(常为持股/通道载体); 纯投资/控股载体,-18,基金/投资管理人
8115,海南闻达致磬私募股权投资基金合伙企业（有限合伙）,91320200076312078U,181,E 非目标/对照组池,非目标,合伙企业,省外登记(320200),省外迁入/外设,旧版(2015前),,,,,投资|基金|股权|股权投资,,,合伙企业(常为持股/通道载体); 纯投资/控股载体; 首次登记在省外(迁入或外地主体设点),-36,基金/投资管理人
8529,海南顺源惠泰私募股权投资基金管理有限公司,91460000MA5TXHH23K,190,E 非目标/对照组池,非目标,独立法人,海南省级登记,本地(省级),MA5,,,,,投资|基金|股权|股权投资,,,纯投资/控股载体,4,基金/投资管理人
10459,海南麟阁创业投资有限公司,91460200MA5U2WF661,233,E 非目标/对照组池,非目标,独立法人,三亚市/区登记,本地(三亚),MA5,,,,,投资|创业投资,,,纯投资/控股载体,4,基金/投资管理人
10461,海南麟阁按道股权投资基金合伙企业（有限合伙）,91460000MA7KM2AN5N,233,E 非目标/对照组池,非目标,合伙企业,海南省级登记,本地(省级),MA7,,,,,投资|基金|股权|股权投资,,,合伙企业(常为持股/通道载体); 纯投资/控股载体,-18,基金/投资管理人
14633,海南麟阁长平股权投资合伙企业（有限合伙）,91460000MAK4X39N0A,326,E 非目标/对照组池,非目标,合伙企业,海南省级登记,本地(省级),MAK,,,,,投资|股权|股权投资,,,合伙企业(常为持股/通道载体); 纯投资/控股载体,-18,基金/投资管理人
5873,澜起创业投资（海南）有限公司,91460200MA5TY3LR00,131,E 非目标/对照组池,非目标,独立法人,三亚市/区登记,本地(三亚),MA5,,,,,投资|创业投资,,,纯投资/控股载体,4,基金/投资管理人
6302,瀚恒产业投资（海南）有限责任公司,91460200MADWKRH51X,141,E 非目标/对照组池,非目标,独立法人,三亚市/区登记,本地(三亚),MAD,,,,,投资|产业投资,,,纯投资/控股载体,4,基金/投资管理人
5690,纳远明志（海南）创业投资有限公司,91460000MAA95B6L0C,127,E 非目标/对照组池,非目标,独立法人,海南省级登记,本地(省级),MAA,,,,,投资|创业投资,,,纯投资/控股载体,4,基金/投资管理人
305,至那数字产业投资发展（海南）有限公司,91460000MAEWW5W54N,7,E 非目标/对照组池,非目标,独立法人,海南省级登记,本地(省级),MAE,,,,,投资|产业投资,,,纯投资/控股载体,4,基金/投资管理人
5554,融道（海南）股权投资基金管理有限公司,91460000MA5TAALM82,124,E 非目标/对照组池,非目标,独立法人,海南省级登记,本地(省级),MA5,,,,,投资|基金|股权|股权投资,,,纯投资/控股载体,4,基金/投资管理人
6071,迦莱（三亚崖州）产业投资有限责任公司,91460000MAEGP2RX0N,135,E 非目标/对照组池,非目标,独立法人,海南省级登记,本地(省级),MAE,,,,,投资|产业投资,,,纯投资/控股载体,4,基金/投资管理人
6003,金之源（海南）股权投资合伙企业（有限合伙）,91460000MAC9LCDK0T,134,E 非目标/对照组池,非目标,合伙企业,海南省级登记,本地(省级),MAC,,,,,投资|股权|股权投资,,,合伙企业(常为持股/通道载体); 纯投资/控股载体,-18,基金/投资管理人
6017,金农源（海南）股权投资合伙企业（有限合伙）,91460000MAC5KBED8R,134,E 非目标/对照组池,非目标,合伙企业,海南省级登记,本地(省级),MAC,,,,,投资|股权|股权投资,,,合伙企业(常为持股/通道载体); 纯投资/控股载体,-18,基金/投资管理人
13907,长石（三亚）创业投资合伙企业（有限合伙）,91469033MAA8Y6813H,310,E 非目标/对照组池,非目标,合伙企业,海南其他市县登记,省内迁入/外设,MAA,,,,,投资|创业投资,,,合伙企业(常为持股/通道载体); 纯投资/控股载体,-24,基金/投资管理人
381,雲起龙襄产业投资（海南）有限公司,91460000MADK2QYT4A,9,E 非目标/对照组池,非目标,独立法人,海南省级登记,本地(省级),MAD,,,,,投资|产业投资,,,纯投资/控股载体,4,基金/投资管理人
5797,领新（海南）私募基金管理有限公司,91460000MA7LF4JH15,129,E 非目标/对照组池,非目标,独立法人,海南省级登记,本地(省级),MA7,,,,,基金,,,纯投资/控股载体,4,基金/投资管理人
5801,领航创想（海南）股权投资合伙企业（有限合伙）,91460000MACY95U46U,129,E 非目标/对照组池,非目标,合伙企业,海南省级登记,本地(省级),MAC,,,,,投资|股权|股权投资,,,合伙企业(常为持股/通道载体); 纯投资/控股载体,-18,基金/投资管理人
5883,鲲腾科转（海南）股权投资基金合伙企业（有限合伙）,91460000MA5TNXL1XL,131,E 非目标/对照组池,非目标,合伙企业,海南省级登记,本地(省级),MA5,,,,,投资|基金|股权|股权投资,,,合伙企业(常为持股/通道载体); 纯投资/控股载体,-18,基金/投资管理人
5884,鲲腾（海南）股权投资基金管理有限公司,91460200MA5RJ1488E,131,E 非目标/对照组池,非目标,独立法人,三亚市/区登记,本地(三亚),MA5,,,,,投资|基金|股权|股权投资,,,纯投资/控股载体,4,基金/投资管理人
3979,三亚南鹿热带果树研究院有限公司,91460100MA5TMM3P67,89,C 支撑/泛赛道-备选,泛农业经营,独立法人,海口登记,省内迁入/外设,MA5,,,,,,研究院,,,46,科研/孵化载体
4701,三亚厚德康富中医药研究院（普通合伙）,91220701MA170169XK,105,E 非目标/对照组池,非目标,合伙企业,省外登记(220701),省外迁入/外设,MA其他,,,,医药,,研究院,,合伙企业(常为持股/通道载体); 首次登记在省外(迁入或外地主体设点),-6,科研/孵化载体
1327,三亚友谊康诺医学检验实验室有限公司,91460000MABQL4JK0X,30,C 支撑/泛赛道-备选,科技配套,独立法人,海南省级登记,本地(省级),MA其他,,,检验,,,实验室,,,59,科研/孵化载体
1603,三亚崖州湾创新科技国际咨询研究院有限公司,91460200MA5THTCA2T,36,E 非目标/对照组池,非目标,独立法人,三亚市/区登记,本地(三亚),MA5,,,,咨询,,崖州湾|研究院,,,34,科研/孵化载体
1596,三亚崖州湾南海海洋深层水研究院有限公司,91460000MA7H4LH61T,36,A 核心赛道-优先访谈,深海海洋,独立法人,海南省级登记,本地(省级),MA7,,海洋,,,,崖州湾|研究院,,,82,科研/孵化载体
4853,三亚汉烯石墨烯技术研究所有限公司,91460000MA7LPW2A71,108,D 名称无行业信号,待判定,独立法人,海南省级登记,本地(省级),MA7,,,,,,研究所,,,34,科研/孵化载体
4503,三亚江淮园艺研究所（普通合伙）,91340100737334670K,101,B 核心赛道-需核实,南繁种业,合伙企业,省外登记(340100),省外迁入/外设,旧版(2015前),园艺,,,,,研究所,,合伙企业(常为持股/通道载体); 首次登记在省外(迁入或外地主体设点),44,科研/孵化载体
4893,三亚海上丝路农业研究院有限公司,91460000MA5TDRJ918,109,C 支撑/泛赛道-备选,泛农业经营,独立法人,海南省级登记,本地(省级),MA5,,,,,,研究院,,,52,科研/孵化载体
5113,三亚端木元新产业创新中心（有限合伙）,91460000MAE0MTE6XY,114,D 名称无行业信号,待判定,合伙企业,海南省级登记,本地(省级),MAE,,,,,,,,合伙企业(常为持股/通道载体),-6,科研/孵化载体
4087,三亚芒果同创科技创新中心合伙企业（有限合伙）,91460000MACP7KY512,91,E 非目标/对照组池,泛农业经营,合伙企业,海南省级登记,本地(省级),MAC,,,,,,,,合伙企业(常为持股/通道载体),12,科研/孵化载体
5326,三亚超级感知信息技术中心（有限合伙）,91130702MA0FLNKPXQ,119,D 名称无行业信号,待判定,合伙企业,省外登记(130702),省外迁入/外设,MA其他,,,,,,,,合伙企业(常为持股/通道载体); 首次登记在省外(迁入或外地主体设点),-24,科研/孵化载体
5138,三亚鼎晶医学检验实验室有限公司,91460106MAA93G8C26,115,C 支撑/泛赛道-备选,科技配套,独立法人,海口登记,省内迁入/外设,MAA,,,检验,,,实验室,,,53,科研/孵化载体
956,上海勘测设计研究院有限公司海南分公司,91460000MAC38FPF8H,22,D 名称无行业信号,待判定,分支机构,海南省级登记,本地(省级),MAC,,,,,,研究院,,分支机构(非独立法人),12,科研/孵化载体
959,上海德卡实验室系统科技有限公司海南分公司,91469002MACR3EWU7E,22,D 名称无行业信号,待判定,分支机构,海南其他市县登记,省内迁入/外设,MAC,,,,,,实验室,,分支机构(非独立法人),6,科研/孵化载体
958,上海电子工程设计研究院有限公司海南分公司,91460200MA5TT3X41H,22,D 名称无行业信号,待判定,分支机构,三亚市/区登记,本地(三亚),MA5,,,,,,研究院,,分支机构(非独立法人),12,科研/孵化载体
250,中国船舶重工集团公司第七六〇研究所海南分部,91460200MABMN7C404,6,A 核心赛道-优先访谈,深海海洋,独立法人,三亚市/区登记,本地(三亚),MA其他,,船舶,,,,研究所,中国,,90,科研/孵化载体
118,中热科（海南）海洋与农业研究院有限公司,91460100069661050T,3,A 核心赛道-优先访谈,深海海洋,独立法人,海口登记,省内迁入/外设,旧版(2015前),,海洋,,,,研究院,,,76,科研/孵化载体
163,中科开采夫（海南）空天信息研究院有限公司,91460000MA5TDEEB01,4,C 支撑/泛赛道-备选,科技配套,独立法人,海南省级登记,本地(省级),MA5,,,空天,,,研究院,中科,,67,科研/孵化载体
15003,军博（三亚）科技企业孵化器有限公司,91460000MAK7KNKF1J,334,D 名称无行业信号,待判定,独立法人,海南省级登记,本地(省级),MAK,,,,,,,,,16,科研/孵化载体
6282,合润蚯蚓研究院（海南）有限公司,91460106MA7MH2C55J,140,D 名称无行业信号,待判定,独立法人,海口登记,省内迁入/外设,MA7,,,,,,研究院,,,28,科研/孵化载体
13812,大唐三亚未来能源研究所有限公司,91460000MA5TKE3Q1H,307,D 名称无行业信号,待判定,独立法人,海南省级登记,本地(省级),MA5,,,,,,研究所,,,34,科研/孵化载体
13649,广东省科学院海南产业技术研究院有限公司,91460000MAA96QMN5Q,304,D 名称无行业信号,待判定,独立法人,海南省级登记,本地(省级),MAA,,,,,,研究院,,,34,科研/孵化载体
14178,格物致知（三亚）科技创新中心（有限合伙）,91460000MAK34DY93H,316,D 名称无行业信号,待判定,合伙企业,海南省级登记,本地(省级),MAK,,,,,,,,合伙企业(常为持股/通道载体),-6,科研/孵化载体
706,武汉理工大设计研究院有限公司海南分院,91460000MACWT5M69K,16,D 名称无行业信号,待判定,独立法人,海南省级登记,本地(省级),MAC,,,,,,研究院,,,34,科研/孵化载体
6203,沪试实验室（海南）有限公司,91460107MA5U1K8712,138,D 名称无行业信号,待判定,独立法人,海口登记,省内迁入/外设,MA5,,,,,,实验室,,,28,科研/孵化载体
6270,河北建筑设计研究院有限责任公司三亚分公司,91460200MA5TWWRT3U,140,E 非目标/对照组池,非目标,分支机构,三亚市/区登记,本地(三亚),MA5,,,,建筑,,研究院,,分支机构(非独立法人),12,科研/孵化载体
6271,河北建筑设计研究院有限责任公司海南分公司,914602003957944731,140,E 非目标/对照组池,非目标,分支机构,三亚市/区登记,本地(三亚),旧版(2015前),,,,建筑,,研究院,,分支机构(非独立法人),12,科研/孵化载体
6269,河北省建筑科学研究院有限公司海南分公司,91469027MAC294G37K,140,E 非目标/对照组池,非目标,分支机构,海南其他市县登记,省内迁入/外设,MAC,,,,建筑,,研究院,,分支机构(非独立法人),6,科研/孵化载体
6312,海之安（三亚）科技企业孵化器有限公司,91460000MABU1QQW87,141,D 名称无行业信号,待判定,独立法人,海南省级登记,本地(省级),MA其他,,,,,,,,,16,科研/孵化载体
10965,海南九圣禾农业科学研究院有限公司,91110108330348245Y,244,B 核心赛道-需核实,南繁种业,独立法人,省外登记(110108),省外迁入/外设,旧版(2015前),九圣禾,,,,,九圣禾|研究院,,首次登记在省外(迁入或外地主体设点),66,科研/孵化载体
6921,海南云度科技创新中心（有限合伙）,91469031MA5TYRYG9C,154,D 名称无行业信号,待判定,合伙企业,海南其他市县登记,省内迁入/外设,MA5,,,,,,,,合伙企业(常为持股/通道载体),-12,科研/孵化载体
11692,海南互通友聚信息技术中心（有限合伙）,91130702MA093UCBXM,260,D 名称无行业信号,待判定,合伙企业,省外登记(130702),省外迁入/外设,MA其他,,,,,,,,合伙企业(常为持股/通道载体); 首次登记在省外(迁入或外地主体设点),-24,科研/孵化载体
11693,海南互通星联信息技术中心（有限合伙）,91469034MA5TW7XE0J,260,D 名称无行业信号,待判定,合伙企业,海南其他市县登记,省内迁入/外设,MA5,,,,,,,,合伙企业(常为持股/通道载体),-12,科研/孵化载体
11694,海南互通未来信息技术中心（有限合伙）,91469006MA5TW4ACX7,260,D 名称无行业信号,待判定,合伙企业,海南其他市县登记,省内迁入/外设,MA5,,,,,,,,合伙企业(常为持股/通道载体),-12,科研/孵化载体
10857,海南俊码数据研究院有限公司,91460000MABW71Y89J,242,D 名称无行业信号,待判定,独立法人,海南省级登记,本地(省级),MA其他,,,,,,研究院,,,34,科研/孵化载体
13266,海南博商未来科学研究所（有限合伙）,91469033MAD6791Y3Q,295,D 名称无行业信号,待判定,合伙企业,海南其他市县登记,省内迁入/外设,MAD,,,,,,研究所,,合伙企业(常为持股/通道载体),6,科研/孵化载体
8143,海南卫星海洋应用研究院有限公司,91460000MA5TNAHC1Y,181,A 核心赛道-优先访谈,深海海洋,独立法人,海南省级登记,本地(省级),MA5,,海洋,卫星,,,研究院,,,82,科研/孵化载体
13485,海南安利达生物活菌研究所（个人独资）,91460000MABU739407,300,D 名称无行业信号,待判定,个人独资,海南省级登记,本地(省级),MA其他,,,,,,研究所,,个人独资(常为持股/通道载体),12,科研/孵化载体
12425,海南感知智能信息技术中心（有限合伙）,91469002MA5TXJ4T7J,277,D 名称无行业信号,待判定,合伙企业,海南其他市县登记,省内迁入/外设,MA5,,,,,,,,合伙企业(常为持股/通道载体),-12,科研/孵化载体
8136,海南未来宇航科技研究院有限公司,91460200MA5T7QDQ7J,181,D 名称无行业信号,待判定,独立法人,三亚市/区登记,本地(三亚),MA5,,,,,,研究院,,,34,科研/孵化载体
10208,海南梦卓农业科学技术研究院有限公司,91460000MA5TXEH76C,227,C 支撑/泛赛道-备选,泛农业经营,独立法人,海南省级登记,本地(省级),MA5,,,,,,研究院,,,52,科研/孵化载体
12414,海南港信孵化器有限公司三亚分公司,91460000MAA98FNW66,276,D 名称无行业信号,待判定,分支机构,海南省级登记,本地(省级),MAA,,,,,,,,分支机构(非独立法人),-6,科研/孵化载体
8699,海南省众邑新材料研究院有限公司,91460200MA5RCEA24D,194,C 支撑/泛赛道-备选,科技配套,独立法人,三亚市/区登记,本地(三亚),MA5,,,新材料,,,研究院,,,59,科研/孵化载体
11069,海南经济特区敦种作物种子研究院有限公司,91460000MA5TPBBRX0,247,A 核心赛道-优先访谈,南繁种业,独立法人,海南省级登记,本地(省级),MA5,种子|物种|作物,,,,,研究院,,,84,科研/孵化载体
10251,海南美好生活信息技术中心（有限合伙）,91130702MA0CYDJU5H,228,D 名称无行业信号,待判定,合伙企业,省外登记(130702),省外迁入/外设,MA其他,,,,,,,,合伙企业(常为持股/通道载体); 首次登记在省外(迁入或外地主体设点),-24,科研/孵化载体
6607,海南致远蓝谷科技孵化器有限公司,91460108MAD4CBNP0Y,147,D 名称无行业信号,待判定,独立法人,海口登记,省内迁入/外设,MAD,,,,,,,,,10,科研/孵化载体
9621,海南认知信息技术中心（有限合伙）,91130702MA0FN78Q9G,214,D 名称无行业信号,待判定,合伙企业,省外登记(130702),省外迁入/外设,MA其他,,,,,,,,合伙企业(常为持股/通道载体); 首次登记在省外(迁入或外地主体设点),-24,科研/孵化载体
13145,海南超级眼信息技术中心（有限合伙）,91469001MA5TXHQP9H,293,D 名称无行业信号,待判定,合伙企业,海南其他市县登记,省内迁入/外设,MA5,,,,,,,,合伙企业(常为持股/通道载体),-12,科研/孵化载体
13146,海南超级视线信息技术中心（有限合伙）,91469005MA5TW4UT6G,293,D 名称无行业信号,待判定,合伙企业,海南其他市县登记,省内迁入/外设,MA5,,,,,,,,合伙企业(常为持股/通道载体),-12,科研/孵化载体
11447,海南集商荟科技孵化器有限公司,91460000MAK2TT0N01,255,D 名称无行业信号,待判定,独立法人,海南省级登记,本地(省级),MAK,,,,,,,,,16,科研/孵化载体
12409,海南高光时刻信息技术中心（有限合伙）,91469033MA5TW69J62,276,D 名称无行业信号,待判定,合伙企业,海南其他市县登记,省内迁入/外设,MA5,,,,,,,,合伙企业(常为持股/通道载体),-12,科研/孵化载体
7237,海南鹰巢孵化器运营有限公司,91460000MA5TLYC73L,161,D 名称无行业信号,待判定,独立法人,海南省级登记,本地(省级),MA5,,,,,,,,,16,科研/孵化载体
6317,海域海岛环境科技研究院（三亚）有限公司,91469034MA5TJWWH6W,141,D 名称无行业信号,待判定,独立法人,海南其他市县登记,省内迁入/外设,MA5,,,,,,研究院,,,28,科研/孵化载体
934,深圳市前海公共安全科学研究院有限公司海南分公司,91460000MAERXUTQ64,21,D 名称无行业信号,待判定,分支机构,海南省级登记,本地(省级),MAE,,,,,,研究院,,分支机构(非独立法人),12,科研/孵化载体
937,深圳市甲骨文智慧实验室建设有限公司海南分公司,91460107MADQY4HD5M,21,D 名称无行业信号,待判定,分支机构,海口登记,省内迁入/外设,MAD,,,,,,实验室,,分支机构(非独立法人),6,科研/孵化载体
14361,玖禾（海南）国际孵化器有限公司,91460000MAK3MTFF34,320,D 名称无行业信号,待判定,独立法人,海南省级登记,本地(省级),MAK,,,,,,,,,16,科研/孵化载体
5770,绿川鲜食玉米研究院（海南）有限公司,91460000MA5TW5D62F,129,A 核心赛道-优先访谈,南繁种业,独立法人,海南省级登记,本地(省级),MA5,玉米,,,,,研究院,,,84,科研/孵化载体
5545,融湾出海（海南）产业孵化器有限公司,91460000MAE66GFH95,124,D 名称无行业信号,待判定,独立法人,海南省级登记,本地(省级),MAE,,,,,,,,,16,科研/孵化载体
13901,超级聚星（三亚）孵化器合伙企业（有限合伙）,91460000MAEW7R2730,309,D 名称无行业信号,待判定,合伙企业,海南省级登记,本地(省级),MAE,,,,,,,,合伙企业(常为持股/通道载体),-6,科研/孵化载体
5588,青岛智慧蓝色海洋工程研究院有限公司海南分公司,91460000MAE8TDGH4M,125,B 核心赛道-需核实,深海海洋,分支机构,海南省级登记,本地(省级),MAE,,海洋|海洋工程,,,,研究院,,分支机构(非独立法人),60,科研/孵化载体
362,招商局深海装备研究院（三亚）有限公司,91460200MA5TALGU1E,9,A 核心赛道-优先访谈,深海海洋,独立法人,三亚市/区登记,本地(三亚),MA5,,招商局深海|深海,装备,,,招商局深海|深海|招商局|研究院,招商局,,90,科研/孵化载体; 国有资本平台
