group,name,uscc,tier,track,form,origin,vintage,reason,risk_flags
一、标杆企业（对标文献中的成功案例）,隆平生物技术（海南）有限公司,91460200MA5T9TYA9Q,A 核心赛道-优先访谈,南繁种业,独立法人,本地(三亚),MA5,生物育种头部，三亚本地设立，园区最常被引用的标杆,
一、标杆企业（对标文献中的成功案例）,齐禾生科（三亚）生物科技有限公司,91460000MADXUBK28W,A 核心赛道-优先访谈,南繁种业,独立法人,本地(省级),MAD,"基因编辑育种初创，典型""新设+技术密集""样本",
一、标杆企业（对标文献中的成功案例）,博瑞迪生物技术（海南省）有限公司,91460000MA5TB0LKXG,A 核心赛道-优先访谈,南繁种业,独立法人,本地(省级),MA5,分子育种技术服务，成长期样本,
一、标杆企业（对标文献中的成功案例）,舜丰生物科技（海南）有限公司,91460108MAA9020Y7B,A 核心赛道-优先访谈,南繁种业,独立法人,省内迁入/外设,MAA,基因编辑，省内迁入，可考察迁入动因,
一、标杆企业（对标文献中的成功案例）,大北农生物技术（海南）有限公司,91460000MACNY6GR42,A 核心赛道-优先访谈,南繁种业,独立法人,本地(省级),MAC,上市公司育种研发主体,
一、标杆企业（对标文献中的成功案例）,三亚大北农创种基因科技有限公司,91460000MAA990LR76,A 核心赛道-优先访谈,南繁种业,独立法人,本地(省级),MAA,同集团第二主体，可比较两主体分工,
一、标杆企业（对标文献中的成功案例）,中国种子集团有限公司三亚分公司,91460200760383243H,B 核心赛道-需核实,南繁种业,分支机构,本地(三亚),旧版(2015前),总部迁址叙事的核心对象，需核实法人实迁情况,分支机构(非独立法人)
一、标杆企业（对标文献中的成功案例）,中国种子集团有限公司,91110000100000438C,B 核心赛道-需核实,南繁种业,独立法人,省外迁入/外设,旧版(2015前),母体仍为北京首次登记，与上一条构成对照,首次登记在省外(迁入或外地主体设点)
一、标杆企业（对标文献中的成功案例）,国投种业科技有限公司,91460000MAD0EDTW9H,A 核心赛道-优先访谈,南繁种业,独立法人,本地(省级),MAD,国家级资本直接进入种业的载体,
一、标杆企业（对标文献中的成功案例）,三亚垦丰农业科技有限公司,91460200324166525T,A 核心赛道-优先访谈,南繁种业,独立法人,本地(三亚),旧版(2015前),2015 年前老企业，可观察政策前后变化,
一、标杆企业（对标文献中的成功案例）,海南九圣禾分子技术科技有限公司,91460200MA7F7XPG1L,A 核心赛道-优先访谈,南繁种业,独立法人,本地(三亚),MA7,分子育种，三亚本地,
一、标杆企业（对标文献中的成功案例）,海南九圣禾农业科学研究院有限公司,91110108330348245Y,B 核心赛道-需核实,南繁种业,独立法人,省外迁入/外设,旧版(2015前),同系研究院主体，省外首次登记,首次登记在省外(迁入或外地主体设点)
一、标杆企业（对标文献中的成功案例）,海南荃银五星种业有限公司,91340100MA8N1C5X2R,B 核心赛道-需核实,南繁种业,独立法人,省外迁入/外设,MA其他,上市公司系，安徽首次登记，迁入样本,首次登记在省外(迁入或外地主体设点)
一、标杆企业（对标文献中的成功案例）,海南丰乐农化科技有限公司,91460000MAD2TQ4741,A 核心赛道-优先访谈,南繁种业,独立法人,本地(省级),MAD,上市公司系,
一、标杆企业（对标文献中的成功案例）,三亚深之蓝海洋科技有限公司,91469027MAD6XEKT96,A 核心赛道-优先访谈,深海海洋,独立法人,省内迁入/外设,MAD,水下机器人民营头部，深海赛道少见的技术型民企,
"二、央企国资集群（检验""招引""而非""培育""）",中国船舶重工集团公司第七六〇研究所海南分部,91460200MABMN7C404,A 核心赛道-优先访谈,深海海洋,独立法人,本地(三亚),MA其他,水声/声学国家队；注意其为分部而非独立法人,
"二、央企国资集群（检验""招引""而非""培育""）",中船重工海洋装备（海南）有限公司,91460200MA5T4PL060,A 核心赛道-优先访谈,深海海洋,独立法人,本地(三亚),MA5,中船系集群核心,
"二、央企国资集群（检验""招引""而非""培育""）",中船重工申海装备（海南）有限公司,91460200MA5T4P2B52,A 核心赛道-优先访谈,深海海洋,独立法人,本地(三亚),MA5,中船系,
"二、央企国资集群（检验""招引""而非""培育""）",中船重工瑞利海洋信息与装备保障（海南）有限公司,91460200MA5T4UA0XB,A 核心赛道-优先访谈,深海海洋,独立法人,本地(三亚),MA5,中船系，海洋信息,
"二、央企国资集群（检验""招引""而非""培育""）",中船重工鹏程海洋装备（海南）有限公司,91460200MA5T59AX8X,A 核心赛道-优先访谈,深海海洋,独立法人,本地(三亚),MA5,中船系,
"二、央企国资集群（检验""招引""而非""培育""）",中船海目测试技术（海南）有限公司,91460200MA5T4QKL40,A 核心赛道-优先访谈,深海海洋,独立法人,本地(三亚),MA5,中船系，测试技术,
"二、央企国资集群（检验""招引""而非""培育""）",中船电子科技（三亚）有限公司,91460200MA5RH1QT9X,A 核心赛道-优先访谈,深海海洋,独立法人,本地(三亚),MA5,中船系，电子,
"二、央企国资集群（检验""招引""而非""培育""）",中船（海南）科技发展有限公司,91460200MA5T4PNH83,A 核心赛道-优先访谈,深海海洋,独立法人,本地(三亚),MA5,中船系,
"二、央企国资集群（检验""招引""而非""培育""）",海南中船蓝泰海洋工程有限公司,91460200MA5T6N3X7Q,A 核心赛道-优先访谈,深海海洋,独立法人,本地(三亚),MA5,中船系，海洋工程,
"二、央企国资集群（检验""招引""而非""培育""）",中船投资集团（海南）有限公司,91460000MA5TMLT63J,A 核心赛道-优先访谈,深海海洋,独立法人,本地(省级),MA5,中船系资金主体，可问出资结构,
"二、央企国资集群（检验""招引""而非""培育""）",招商局深海装备研究院（三亚）有限公司,91460200MA5TALGU1E,A 核心赛道-优先访谈,深海海洋,独立法人,本地(三亚),MA5,招商局系研发主体,
"二、央企国资集群（检验""招引""而非""培育""）",招商三亚深海科技城开发有限公司,91460200MA5T7PXN74,A 核心赛道-优先访谈,深海海洋,独立法人,本地(三亚),MA5,招商局系园区开发,
"二、央企国资集群（检验""招引""而非""培育""）",招商（三亚）深海装备产业园有限公司,91460000MA5TPQA546,A 核心赛道-优先访谈,深海海洋,独立法人,本地(省级),MA5,招商局系产业园,
"二、央企国资集群（检验""招引""而非""培育""）",三亚招商深海产业发展有限公司,91460000MAC6UE3G6E,A 核心赛道-优先访谈,深海海洋,独立法人,本地(省级),MAC,招商局系,
"二、央企国资集群（检验""招引""而非""培育""）",海南农垦南繁种业有限公司,91460200MA5T3H929R,A 核心赛道-优先访谈,南繁种业,独立法人,本地(三亚),MA5,省农垦系种业主体,
"二、央企国资集群（检验""招引""而非""培育""）",海南农垦南繁产业集团有限公司,91460200MA5RD9N610,A 核心赛道-优先访谈,南繁种业,独立法人,本地(三亚),MA5,省农垦系集团,
"二、央企国资集群（检验""招引""而非""培育""）",海南农垦南繁投资有限公司,91469033MA5TFJJW9T,A 核心赛道-优先访谈,南繁种业,独立法人,省内迁入/外设,MA5,省农垦系投资主体，资金侧抓手,
三、新型研发机构与院所平台,三亚崖州湾南海海洋深层水研究院有限公司,91460000MA7H4LH61T,A 核心赛道-优先访谈,深海海洋,独立法人,本地(省级),MA7,园区内深海研究院,
三、新型研发机构与院所平台,海南卫星海洋应用研究院有限公司,91460000MA5TNAHC1Y,A 核心赛道-优先访谈,深海海洋,独立法人,本地(省级),MA5,卫星遥感+海洋交叉,
三、新型研发机构与院所平台,绿川鲜食玉米研究院（海南）有限公司,91460000MA5TW5D62F,A 核心赛道-优先访谈,南繁种业,独立法人,本地(省级),MA5,作物专项研究院,
三、新型研发机构与院所平台,海南经济特区敦种作物种子研究院有限公司,91460000MA5TPBBRX0,A 核心赛道-优先访谈,南繁种业,独立法人,本地(省级),MA5,种子研究院,
三、新型研发机构与院所平台,中热科（海南）海洋与农业研究院有限公司,91460100069661050T,A 核心赛道-优先访谈,深海海洋,独立法人,省内迁入/外设,旧版(2015前),2015 年前老机构，海洋与农业双线,
三、新型研发机构与院所平台,三亚南繁国农种业研究有限公司,91460000MACWB0FC1N,A 核心赛道-优先访谈,南繁种业,独立法人,本地(省级),MAC,种业研究主体,
三、新型研发机构与院所平台,三亚崖州湾创新科技国际咨询研究院有限公司,91460200MA5THTCA2T,E 非目标/对照组池,非目标,独立法人,本地(三亚),MA5,园区咨询研究载体,
四、深海民营与初创（技术型中小样本）,海南狮子鱼深海技术有限公司,91460000MA5TNM0J3A,A 核心赛道-优先访谈,深海海洋,独立法人,本地(省级),MA5,深海技术民企,
四、深海民营与初创（技术型中小样本）,塔沃（海南）深海科技有限公司,91460000MAA9011D9M,A 核心赛道-优先访谈,深海海洋,独立法人,本地(省级),MAA,深海科技,
四、深海民营与初创（技术型中小样本）,海南叁能锐达深海科技有限公司,91460000MAE0EC7A8Y,A 核心赛道-优先访谈,深海海洋,独立法人,本地(省级),MAE,深海科技,
四、深海民营与初创（技术型中小样本）,海南清大博雅深海智能装备有限公司,91460000MAE2BA1E2X,A 核心赛道-优先访谈,深海海洋,独立法人,本地(省级),MAE,高校系深海智能装备,
四、深海民营与初创（技术型中小样本）,海南时空链深海智能装备有限公司,91460000MAK4JB2E8P,A 核心赛道-优先访谈,深海海洋,独立法人,本地(省级),MAK,MAK 代际，最新注册队列,
四、深海民营与初创（技术型中小样本）,海南云帆深海科技装备有限公司,91460000MAK7R9TE0N,A 核心赛道-优先访谈,深海海洋,独立法人,本地(省级),MAK,MAK 代际，最新注册队列,
四、深海民营与初创（技术型中小样本）,海南深海科技有限公司,91460000MA5T8LPR3G,A 核心赛道-优先访谈,深海海洋,独立法人,本地(省级),MA5,名称最泛化的深海主体，值得核实实体性,
四、深海民营与初创（技术型中小样本）,三亚创信深海开发有限公司,91460000MAE14P6F4N,A 核心赛道-优先访谈,深海海洋,独立法人,本地(省级),MAE,深海开发,
五、资金侧与园区平台（访谈出资方，不入企业样本）,三亚崖州湾创业投资有限公司,91460200MA5TG8QA9T,E 非目标/对照组池,非目标,独立法人,本地(三亚),MA5,园区自有创投载体，引导基金问题的直接对象,纯投资/控股载体
五、资金侧与园区平台（访谈出资方，不入企业样本）,三亚崖州湾科技城控股集团有限公司,91460200MA5T89HQ12,E 非目标/对照组池,非目标,独立法人,本地(三亚),MA5,园区控股平台,纯投资/控股载体
五、资金侧与园区平台（访谈出资方，不入企业样本）,三亚崖州湾科技城投资控股有限公司,91460200MA5TFHHN7J,E 非目标/对照组池,非目标,独立法人,本地(三亚),MA5,园区投资平台,纯投资/控股载体
五、资金侧与园区平台（访谈出资方，不入企业样本）,三亚崖州湾科技城开发建设有限公司,91460200MA5T9DX15F,D 名称无行业信号,待判定,独立法人,本地(三亚),MA5,园区开发建设主体,
五、资金侧与园区平台（访谈出资方，不入企业样本）,三亚崖州湾创新发展中心有限公司,91469001MA5TP75T7U,D 名称无行业信号,待判定,独立法人,省内迁入/外设,MA5,园区创新服务主体,
五、资金侧与园区平台（访谈出资方，不入企业样本）,三亚崖州湾国际农业科技孵化器有限公司,91460105MAA96XK54A,A 核心赛道-优先访谈,南繁种业,独立法人,省内迁入/外设,MAA,孵化器，可问在孵企业筛选标准,
五、资金侧与园区平台（访谈出资方，不入企业样本）,南繁科技城有限公司,91460200MA5T6FBA83,A 核心赛道-优先访谈,南繁种业,独立法人,本地(三亚),MA5,南繁片区平台,
